Workbook

Sheet Как заполнять
A1: Как заполнять таблицу
A3: Эта таблица — единственное место, где редактируется каталог. Сайт собирается из неё автоматически.
A5: 1. Лист «Концерты»: по строке на концерт. Столбец «Видео» — ссылка на запись концерта целиком в VK.
A6: 2. Лист «Направления»: список направлений (хореография, вокал и так далее).
A7: 3. Лист «Номера»: по строке на номер. «Концерт» и «Направление» выбираются из списка.
A8: «Исполнители» и «Постановщики» — имена через запятую. Пишите имя везде одинаково:
A9: по одинаковому написанию сайт понимает, что это один человек.
A10: 4. Лист «Таймкоды»: метки внутри номера. Время — по видео концерта целиком, как на плеере.
A11: 5. Лист «Люди» необязательный: нужен, чтобы добавить человеку описание и ссылку.
A13: Время вводите так: ч:мм:сс, например 0:20:52. Столбцы со временем в формате «простой текст»,
A14: не меняйте формат: иначе Google превратит 20:52 в 20 часов 52 минуты.
A16: Не переименовывайте листы и не меняйте заголовки в первой строке.
... A20: Если в таблице ошибка, сайт не обновится, а в отчёте сборки будет написано, на каком листе и в какой строке.

Sheet Концерты
A1: Название | B1: Дата | C1: Видео | D1: Описание

Sheet Направления
A1: Название | B1: Описание

Sheet Номера
A1: ID | B1: Концерт | C1: Направление | D1: № в концерте | E1: Название | F1: Коллектив | G1: Исполнители | H1: Постановщики | I1: Описание | J1: Обложка | K1: Начало | L1: Конец | M1: Старый адрес

Sheet Таймкоды
A1: ID номера | B1: Время | C1: Подпись | D1: Номер (подсказка, не трогать)
D2: =IF(A2="","",IFERROR(VLOOKUP(A2,Номера!$A$2:$E$500,5,FALSE),"нет такого ID"))
D3: =IF(A3="","",IFERROR(VLOOKUP(A3,Номера!$A$2:$E$500,5,FALSE),"нет такого ID"))
D4: =IF(A4="","",IFERROR(VLOOKUP(A4,Номера!$A$2:$E$500,5,FALSE),"нет такого ID"))
D5: =IF(A5="","",IFERROR(VLOOKUP(A5,Номера!$A$2:$E$500,5,FALSE),"нет такого ID"))
D6: =IF(A6="","",IFERROR(VLOOKUP(A6,Номера!$A$2:$E$500,5,FALSE),"нет такого ID"))
D7: =IF(A7="","",IFERROR(VLOOKUP(A7,Номера!$A$2:$E$500,5,FALSE),"нет такого ID"))
D8: =IF(A8="","",IFERROR(VLOOKUP(A8,Номера!$A$2:$E$500,5,FALSE),"нет такого ID"))
D9: =IF(A9="","",IFERROR(VLOOKUP(A9,Номера!$A$2:$E$500,5,FALSE),"нет такого ID"))
D10: =IF(A10="","",IFERROR(VLOOKUP(A10,Номера!$A$2:$E$500,5,FALSE),"нет такого ID"))
D11: =IF(A11="","",IFERROR(VLOOKUP(A11,Номера!$A$2:$E$500,5,FALSE),"нет такого ID"))
D12: =IF(A12="","",IFERROR(VLOOKUP(A12,Номера!$A$2:$E$500,5,FALSE),"нет такого ID"))
D13: =IF(A13="","",IFERROR(VLOOKUP(A13,Номера!$A$2:$E$500,5,FALSE),"нет такого ID"))
... D500: =IF(A500="","",IFERROR(VLOOKUP(A500,Номера!$A$2:$E$500,5,FALSE),"нет такого ID"))

Sheet Люди
A1: Имя | B1: О себе | C1: Ссылка
